choice,tick,x,y,speed,steer
0,0,81.33085,0,21.174532,0
0,16,85.81366,0,16.859035,0
0,32,89.97143,0,16.539164,0
0,48,94.10096,0,16.509584,0
0,64,98.22786,0,16.50685,0
0,80,102.35457,0,16.506596,0
0,96,106.6809,0.15795347,18.02121,0.13894455
0,112,111.19736,0.71662456,18.2823,0.06250434
0,128,115.70826,1.4802809,18.308773,0.029227719
0,144,120.20477,2.3384535,18.311731,0.01471898
0,160,124.692406,3.243466,18.312119,0.00851398
0,176,129.0865,4.4557557,18.216349,0.4453107
0,192,133.01402,6.760074,18.270073,0.20197758
0,208,136.58255,9.616468,18.301052,0.09647879
0,224,139.9506,12.714561,18.30936,0.05036652
0,240,143.20758,15.93108,18.311348,0.0314489
0,256,145.73395,19.692522,18.203304,0.38626742
0,272,147.17584,24.014301,18.275696,0.18500304
0,288,148.04294,28.503107,18.302158,0.0966863
0,304,148.60347,33.044888,18.309086,0.060415864
0,320,148.35994,37.58539,18.241714,0.3039658
0,336,147.15416,41.987507,18.289976,0.13894862
0,352,145.51364,46.257656,18.306662,0.067278564
0,368,143.66977,50.446983,18.310795,0.03603065
0,384,141.70978,54.58355,18.301157,0.31986952
0,400,139.296,58.463272,18.294752,0.14133668
0,416,136.49918,62.083637,18.307142,0.06523526
0,432,133.53477,65.57124,18.310953,0.032167196
0,448,130.49115,68.990776,18.31187,0.017843127
0,464,127.57892,72.49758,18.120651,-0.7928136
0,480,126.19795,76.79026,18.182537,-0.3918162
0,496,126.02905,81.33984,18.268988,-0.21579158
0,512,126.57447,85.873856,18.268532,-0.36656553
0,528,127.94375,90.22729,18.286564,-0.15947199
0,544,129.80725,94.40417,18.30555,-0.071775734
0,560,131.88524,98.4823,18.31068,-0.03399414
0,576,134.06192,102.50954,18.311838,-0.017515719
0,592,136.28827,106.50971,18.312098,-0.010633171
0,608,137.72157,111.00382,19.854492,0.6069222
0,624,137.13742,116.16268,21.687315,0.25053728
0,640,135.38089,121.52278,23.313643,0.10280478
0,656,133.0006,127.04027,24.632034,0.04574883
0,672,130.14075,132.6379,25.41983,0.5961975
0,688,125.54815,137.07912,25.953722,0.19037819
0,704,120.03296,140.61087,26.32057,0.06326616
0,720,114.25845,143.781,26.36438,0.023468256
0,736,108.40341,146.80954,26.36951,0.011528492
0,752,102.21349,148.95412,26.281376,0.1770469
0,768,95.7054,149.91908,26.352568,0.053048372
0,784,89.14081,150.50323,26.367796,0.01677382
0,800,82.56487,150.9674,26.369972,0.0058271885
0,816,75.98593,151.39069,26.370256,0.002445817
1,0,81.34354,0.0012920676,21.985926,0.20559925
1,16,86.81298,0.32955357,21.90509,0.07740447
1,32,92.244705,1.0231446,21.90538,0.03118582
1,48,97.65625,1.8640364,21.90663,0.013968274
1,64,103.05757,2.7695968,21.906948,0.007839985
1,80,107.8858,3.7006218,18.652157,0.036906235
1,96,112.3829,4.70512,18.34315,0.016960815
1,112,116.840904,5.7584925,18.314983,0.008448578
1,128,121.2901,6.837973,18.312445,0.00478971
1,144,125.66561,8.138604,18.233345,0.42943624
1,160,129.60172,10.432953,18.273205,0.19942805
1,176,133.18515,13.271043,18.301233,0.0990251
1,192,136.5647,16.356483,18.309132,0.055568665
1,208,139.74255,19.643229,18.27359,0.31390384
1,224,142.31676,23.415073,18.291616,0.14571369
1,240,144.48912,27.44074,18.306353,0.0724597
1,256,146.45326,31.57492,18.310558,0.040825367
1,272,148.04674,35.837566,18.119793,0.7165632
1,288,147.96597,40.35742,18.21,0.32472146
1,304,146.84401,44.777496,18.284206,0.15415174
1,320,145.24089,49.060806,18.305056,0.07935494
1,336,143.39943,53.250824,18.310122,0.047987223
1,352,141.16696,57.234562,18.282177,0.20781541
1,368,138.3881,60.864998,18.30214,0.09383154
1,384,135.36807,64.30347,18.309704,0.04465127
1,400,132.23929,67.644966,18.311596,0.023193598
1,416,129.05609,70.935104,18.312023,0.01433301
1,432,126.763824,74.78034,18.029839,-0.6905011
1,448,126.40119,79.27781,18.194904,-0.36546814
1,464,127.18645,83.76422,18.270144,-0.2306503
1,480,128.66203,88.088326,18.297132,-0.11459452
1,496,130.4921,92.28207,18.308638,-0.05069232
1,512,132.47513,96.40774,18.31143,-0.023399413
1,528,134.52722,100.499985,18.312038,-0.011549413
1,544,136.61284,104.575356,18.312164,-0.006418884
1,560,138.53586,108.77955,19.11783,0.8439181
1,576,138.64114,113.76751,20.939276,0.35255635
1,592,137.26369,119.05671,22.683983,0.14365447
1,608,135.09947,124.5112,24.129261,0.060475945
1,624,132.50238,130.13028,25.277716,0.030653358
1,640,128.73792,135.2083,25.639183,0.32023
1,656,123.457275,138.98216,26.239273,0.10333371
1,672,117.717766,142.19824,26.354923,0.035452724
1,688,111.85024,145.20044,26.368422,0.014330864
1,704,105.883606,147.98254,26.269836,0.3420664
1,720,99.48204,149.43277,26.325985,0.10028744
1,736,92.93659,150.1706,26.36315,0.030620813
1,752,86.36519,150.68834,26.369345,0.010008216
1,768,79.78786,151.13496,26.37017,0.0036996603
1,784,73.20874,151.55591,26.370275,0.0018063784
2,0,81.34354,-0.0012920676,21.985926,-0.20559925
2,16,86.81298,-0.32955357,21.90509,-0.07740447
2,32,92.244705,-1.0231446,21.90538,-0.03118582
2,48,97.65625,-1.8640364,21.90663,-0.013968274
2,64,103.05757,-2.7695968,21.906948,-0.007839985
2,80,107.644,-2.9500515,16.92031,0.22753125
2,96,111.76264,-2.366451,16.537796,0.10609534
2,112,115.800385,-1.5047328,16.507914,0.051564753
2,128,119.80528,-0.51000386,16.506313,0.02617523
2,144,123.79296,0.55156064,16.506441,0.014198184
2,160,127.77099,1.6489605,16.50652,0.008663937
2,176,131.67392,2.951195,16.434067,0.4830972
2,192,135.14088,5.150473,16.468866,0.23162243
2,208,138.25475,7.848091,16.495636,0.1147964
2,224,141.16562,10.7705765,16.503628,0.059846252
2,240,143.96402,13.802748,16.50572,0.033937633
2,256,146.69499,16.896103,16.498486,0.7895617
2,272,148.7568,20.43016,16.426748,0.38758242
2,288,149.90913,24.375044,16.477571,0.20023441
2,304,150.5537,28.445633,16.497616,0.1114313
2,320,150.911,32.555042,16.50349,0.07144958
2,336,150.63231,36.64297,16.427103,0.4061483
2,352,149.35205,40.54771,16.477135,0.19562781
2,368,147.5877,44.27256,16.498493,0.09755945
2,384,145.59268,47.883358,16.50441,0.05137396
2,400,143.4803,51.427933,16.505945,0.029653072
2,416,141.29774,54.929882,16.503828,0.17943156
2,432,138.90834,58.29175,16.502186,0.0842371
2,448,136.33969,61.520412,16.505201,0.040682316
2,464,133.68697,64.68117,16.506214,0.020428061
2,480,130.99304,67.807106,16.506474,0.010888338
2,496,128.27754,70.914375,16.506536,0.006426215
2,512,125.645706,74.08105,16.393074,-0.7783347
2,528,124.15393,77.87664,16.41149,-0.39956868
2,544,123.65292,81.95336,16.473307,-0.21984762
2,560,123.71959,86.07296,16.494993,-0.13723147
2,576,124.33749,90.135895,16.446705,-0.3835439
2,592,125.823326,93.97017,16.48133,-0.18452829
2,608,127.756775,97.61084,16.499483,-0.091948986
2,624,129.9027,101.134224,16.504662,-0.04836157
2,640,132.15636,104.59073,16.50601,-0.027863681
2,656,134.45421,108.03729,16.996178,1
2,672,135.62636,112.379395,19.1475,0.5000557
2,688,135.19824,117.416214,21.205677,0.21384913
2,704,133.81067,122.77714,22.947254,0.09055996
2,720,131.88243,128.3836,24.346554,0.041926146
2,736,129.36838,134.05222,25.058083,0.56260943
2,752,124.90199,138.52249,25.710056,0.18270099
2,768,119.51277,142.1869,26.284052,0.061509132
2,784,113.83896,145.5277,26.36121,0.022996902
2,800,108.07967,148.73402,26.369234,0.011505961
2,816,101.872696,150.7695,26.251022,0.19839656
2,832,95.33387,151.4601,26.347332,0.05970919
2,848,88.74911,151.72076,26.367073,0.018973947
2,864,82.15807,151.84546,26.369884,0.0066486597
2,880,75.56602,151.92346,26.37024,0.002845645
